country,Aruba,Afghanistan,Angola,Albania,Andorra,UAE,Argentina,Armenia,American Samoa,Antigua and Barbuda,Australia,Austria,Azerbaijan,Burundi,Belgium,Benin,Burkina Faso,Bangladesh,Bulgaria,Bahrain,Bahamas,Bosnia and Herzegovina,Belarus,Belize,Bermuda,Bolivia,Brazil,Barbados,Brunei,Bhutan,Botswana,Central African Republic,Canada,Switzerland,Chile,China,Cote d'Ivoire,Cameroon,"Congo, Dem. Rep.","Congo, Rep.",Colombia,Comoros,Cape Verde,Costa Rica,Cuba,Cayman Islands,Cyprus,Czech Republic,Germany,Djibouti,Dominica,Denmark,Dominican Republic,Algeria,Ecuador,Egypt,Eritrea,Spain,Estonia,Ethiopia,Finland,Fiji,France,Faeroe Islands,"Micronesia, Fed. Sts.",Gabon,UK,Georgia,Ghana,Gibraltar,Guinea,Gambia,Guinea-Bissau,Equatorial Guinea,Greece,Grenada,Greenland,Guatemala,Guam,Guyana,"Hong Kong, China",Honduras,Croatia,Haiti,Hungary,Indonesia,India,Ireland,Iran,Iraq,Iceland,Israel,Italy,Jamaica,Jordan,Japan,Kazakhstan,Kenya,Kyrgyz Republic,Cambodia,Kiribati,St. Kitts and Nevis,South Korea,Kosovo,Kuwait,Lao,Lebanon,Liberia,Libya,St. Lucia,Liechtenstein,Sri Lanka,Lesotho,Lithuania,Luxembourg,Latvia,"Macao, China",Morocco,Monaco,Moldova,Madagascar,Maldives,Mexico,Marshall Islands,North Macedonia,Mali,Malta,Myanmar,Montenegro,Mongolia,Northern Mariana Islands,Mozambique,Mauritania,Mauritius,Malawi,Malaysia,Namibia,New Caledonia,Niger,Nigeria,Nicaragua,Netherlands,Curaçao,Norway,Nepal,Nauru,New Zealand,Oman,Pakistan,Panama,Peru,Philippines,Palau,Papua New Guinea,Poland,Puerto Rico,North Korea,Portugal,Paraguay,Palestine,French Polynesia,Qatar,Romania,Russia,Rwanda,Saudi Arabia,Sudan,Senegal,Singapore,Solomon Islands,Sierra Leone,El Salvador,San Marino,Somalia,Serbia,South Sudan,Sao Tome and Principe,Suriname,Slovak Republic,Slovenia,Sweden,Eswatini,Seychelles,Syria,Turks and Caicos Islands,Chad,Togo,Thailand,Tajikistan,Turkmenistan,Timor-Leste,Tonga,Trinidad and Tobago,Tunisia,Turkey,Tuvalu,Tanzania,Uganda,Ukraine,Uruguay,USA,Uzbekistan,St. Vincent and the Grenadines,Venezuela,British Virgin Islands,Virgin Islands (U.S.),Vietnam,Vanuatu,Samoa,Yemen,South Africa,Zambia,Zimbabwe
1960,,,,,,,,,,,,,,0.0,,,,,,,,,,,,,,,,,0.0,,,,,,,,,,,,,,,,,,,,,,,,,,,,,,,,,,,,,,,,,,,,,0.0,,,,,,,,,,,,,,,,,,,,,,,,,,,,,,,,,,,,,,,,,,,,,,0.0,,,,,,,,,,,,,,,,,,,,,,,,,,,,,,,,,,,,,,,,,,,,,,,,,,,,,,,,,,,,,,0.0,,,0.0,0.0,,,,,,,,,,,,,,,,,,,,,,,,,
1961,,,,,,,,,,,,,,,,,,,,,,,,,,,,,,,,,,,,,,,,,,,,,,,,,,,,,,,,,,,,,,,,,,,,,,,,,,,,,,,,,,,,,,,,,,,,,,,,,,,,,,,,,,,,,,,,,,,,,,,,,,,,,,,,,,,,,,,,,,,,,,,,,,,,,,,,,,,,,,,,,,,,,,,,,,,,,,,,,,,,,,,,,,,,,,,,,,,,,,,,,,,,,,,,,,,,,
1962,,,,,,,,,,,,,,,,,,,,,,,,,,,,,,,,,,,,,,,,,,,,,,,,,,,,,,,,,,,,,,,,,,,,,,,,,,,,,,,,,,,,,,,,,,,,,,,,,,,,,,,,,,,,,,,,,,,,,,,,,,,,,,,,,,,,,,,,,,,,,,,,,,,,,,,,,,,,,,,,,,,,,,,,,,,,,,,,,,,,,,,,,,,,,,,,,,,,,,,,,,,,,,,,,,,,,
1963,,,,,,,,,,,,,,,,,,,,,,,,,,,,,,,,,,,,,,,,,,,,,,,,,,,,,,,,,,,,,,,,,,,,,,,,,,,,,,,,,,,,,,,,,,,,,,,,,,,,,,,,,,,,,,,,,,,,,,,,,,,,,,,,,,,,,,,,,,,,,,,,,,,,,,,,,,,,,,,,,,,,,,,,,,,,,,,,,,,,,,,,,,,,,,,,,,,,,,,,,,,,,,,,,,,,,
1964,,,,,,,,,,,,,,,,,,,,,,,,,,,,,,,,,,,,,,,,,,,,,,,,,,,,,,,,,,,,,,,,,,,,,,,,,,,,,,,,,,,,,,,,,,,,,,,,,,,,,,,,,,,,,,,,,,,,,,,,,,,,,,,,,,,,,,,,,,,,,,,,,,,,,,,,,,,,,,,,,,,,,,,,,,,,,,,,,,,,,,,,,,,,,,,,,,,,,,,,,,,,,,,,,,,,,
1965,,,,,,,,,,,,,,0.0,,,,,,,,,,,,,,,,,0.0,,,,,,,,,,,,,,,,,,,,,,,,,,,,,,,,,,,,,,,,,,,,,0.0,,,,,,,,,,,,,,,,,,,,,,,,,,,,,,,,,,,,,,,,,,,,,,0.0,,,,,,,,,,,,,,,,,,,,,,,,,,,,,,,,,,,,,,,,,,,,,,,,,,,,,,,,,,,,,,0.0,,,0.0,0.0,,,,,,,,,,,,,,,,,,,,,,,,,
1966,,,,,,,,,,,,,,,,,,,,,,,,,,,,,,,,,,,,,,,,,,,,,,,,,,,,,,,,,,,,,,,,,,,,,,,,,,,,,,,,,,,,,,,,,,,,,,,,,,,,,,,,,,,,,,,,,,,,,,,,,,,,,,,,,,,,,,,,,,,,,,,,,,,,,,,,,,,,,,,,,,,,,,,,,,,,,,,,,,,,,,,,,,,,,,,,,,,,,,,,,,,,,,,,,,,,,
1967,,,,,,,,,,,,,,,,,,,,,,,,,,,,,,,,,,,,,,,,,,,,,,,,,,,,,,,,,,,,,,,,,,,,,,,,,,,,,,,,,,,,,,,,,,,,,,,,,,,,,,,,,,,,,,,,,,,,,,,,,,,,,,,,,,,,,,,,,,,,,,,,,,,,,,,,,,,,,,,,,,,,,,,,,,,,,,,,,,,,,,,,,,,,,,,,,,,,,,,,,,,,,,,,,,,,,
1968,,,,,,,,,,,,,,,,,,,,,,,,,,,,,,,,,,,,,,,,,,,,,,,,,,,,,,,,,,,,,,,,,,,,,,,,,,,,,,,,,,,,,,,,,,,,,,,,,,,,,,,,,,,,,,,,,,,,,,,,,,,,,,,,,,,,,,,,,,,,,,,,,,,,,,,,,,,,,,,,,,,,,,,,,,,,,,,,,,,,,,,,,,,,,,,,,,,,,,,,,,,,,,,,,,,,,
1969,,,,,,,,,,,,,,,,,,,,,,,,,,,,,,,,,,,,,,,,,,,,,,,,,,,,,,,,,,,,,,,,,,,,,,,,,,,,,,,,,,,,,,,,,,,,,,,,,,,,,,,,,,,,,,,,,,,,,,,,,,,,,,,,,,,,,,,,,,,,,,,,,,,,,,,,,,,,,,,,,,,,,,,,,,,,,,,,,,,,,,,,,,,,,,,,,,,,,,,,,,,,,,,,,,,,,
1970,,,,,,,,,,,,,,0.0,,,,,,,,,,,,,,,,,0.0,,,,,,,,,,,,,,,,,,,,,,,,,,,,,,,,,,,,,,,,,,,,,0.0,,,,,,,,,,,,,,,,,,,,,,,,,,,,,,,,,,,,,,,,,,,,,,0.0,,,,,,,,,,,,,,,,,,,,,,,,,,,,,,,,,,,,,,,,,,,,,,,,,,,,,,,,,,,,,,0.0,,,0.0,0.0,,,,,,,,,,,,,,,,,,,,,,,,,
1971,,,,,,,,,,,,,,,,,,,,,,,,,,,,,,,,,,,,,,,,,,,,,,,,,,,,,,,,,,,,,,,,,,,,,,,,,,,,,,,,,,,,,,,,,,,,,,,,,,,,,,,,,,,,,,,,,,,,,,,,,,,,,,,,,,,,,,,,,,,,,,,,,,,,,,,,,,,,,,,,,,,,,,,,,,,,,,,,,,,,,,,,,,,,,,,,,,,,,,,,,,,,,,,,,,,,,
1972,,,,,,,,,,,,,,,,,,,,,,,,,,,,,,,,,,,,,,,,,,,,,,,,,,,,,,,,,,,,,,,,,,,,,,,,,,,,,,,,,,,,,,,,,,,,,,,,,,,,,,,,,,,,,,,,,,,,,,,,,,,,,,,,,,,,,,,,,,,,,,,,,,,,,,,,,,,,,,,,,,,,,,,,,,,,,,,,,,,,,,,,,,,,,,,,,,,,,,,,,,,,,,,,,,,,,
1973,,,,,,,,,,,,,,,,,,,,,,,,,,,,,,,,,,,,,,,,,,,,,,,,,,,,,,,,,,,,,,,,,,,,,,,,,,,,,,,,,,,,,,,,,,,,,,,,,,,,,,,,,,,,,,,,,,,,,,,,,,,,,,,,,,,,,,,,,,,,,,,,,,,,,,,,,,,,,,,,,,,,,,,,,,,,,,,,,,,,,,,,,,,,,,,,,,,,,,,,,,,,,,,,,,,,,
1974,,,,,,,,,,,,,,,,,,,,,,,,,,,,,,,,,,,,,,,,,,,,,,,,,,,,,,,,,,,,,,,,,,,,,,,,,,,,,,,,,,,,,,,,,,,,,,,,,,,,,,,,,,,,,,,,,,,,,,,,,,,,,,,,,,,,,,,,,,,,,,,,,,,,,,,,,,,,,,,,,,,,,,,,,,,,,,,,,,,,,,,,,,,,,,,,,,,,,,,,,,,,,,,,,,,,,
1975,,,,,,,,,,,,,,0.0,,,,,,,,,,,,,,,,,0.0,,,,,,,,,,,,,,,,,,,,,,,,,,,,,,,,,,,,,,,,,,,,,0.0,,,,,,,,,,,,,,,,,,,,,,,,,,,,,,,,,,,,,,,,,,,,,,0.0,,,,,,,,,,,,,,,,,,,,,,,,,,,,,,,,,,,,,,,,,,,,,,,,,,,,,,,,,,,,,,0.0,,,0.0,0.0,,,,,,,,,,,,,,,,,,,,,,,,,
1976,,,,,,,,,,,,,,0.0,,,,,,,,,,,,,,,,,0.0,,,,,,,,,,,,,,,,,,,,,,,,,,,,,,,,,,,,,,,,,,,,,0.0,,,,,,,,,,,,,,,,,,,,,,,,,,,,,,,,,,,,,,,,,,,,,,0.0,,,,,,,,,,,,,,,,,,,,,,,,,,,,,,,,,,,,,,,,,,,,,,,,,,,,,,,,,,,,,,0.0,,,0.0,0.0,,,,,,,,,,,,,,,,,,,,,,,,,
1977,,,,,,,,,,,,,,0.0,,,,,,,,,,,,,,,,,0.0,,,,,,,,,,,,,,,,,,,,,,,,,,,,,,,,,,,,,,,,,,,,,0.0,,,,,,,,,,,,,,,,,,,,,,,,,,,,,,,,,,,,,,,,,,,,,,0.0,,,,,,,,,,,,,,,,,,,,,,,,,,,,,,,,,,,,,,,,,,,,,,,,,,,,,,,,,,,,,,0.0,,,0.0,0.0,,,,,,,,,,,,,,,,,,,,,,,,,
1978,,,,,,,,,,,,,,0.0,,,,,,,,,,,,,,,,,0.0,,,,,,,,,,,,,,,,,,,,,,,,,,,,,,,,,,,,,,,,,,,,,0.0,,,,,,,,,,,,,,,,,,,,,,,,,,,,,,,,,,,,,,,,,,,,,,0.0,,,,,,,,,,,,,,,,,,,,,,,,,,,,,,,,,,,,,,,,,,,,,,,,,,,,,,,,,,,,,,0.0,,,0.0,0.0,,,,,,,,,,,,,,,,,,,,,,,,,
1979,,,,,,,,,,,,,,0.0,,,,,,,,,,,,,,,,,0.0,,,,,,,,,,,,,,,,,,,,,,,,,,,,,,,,,,,,,,,,,,,,,0.0,,,,,,,,,,,,,,,,,,,,,,,,,,,,,,,,,,,,,,,,,,,,,,0.0,,,,,,,,,,,,,,,,,,,,,,,,,,,,,,,,,,,,,,,,,,,,,,,,,,,,,,,,,,,,,,0.0,,,0.0,0.0,,,,,,,,,,,,,,,,,,,,,,,,,
1980,,,,,,,,,,,,,,0.0,,,,,,,,,,,,,,,,,0.0,,,,,,,,,,,,,,,,,,,,,,,,,,,,,,,,,,,,,,,,,,,,,0.0,,,,,,,,,,,,,,,,,,,,,,,,,,,,,,,,,,,,,,,,,,,,,,0.0,,,,,,,,,,,,,,,,,,,,,,,,,,,,,,,,,,,,,,,,,,,,,,,,,,,,,,,,,,,,,,0.0,,,0.0,0.0,,,,,,,,,,,,,,,,,,,,,,,,,
1981,,,,,,,,,,,,,,0.0,,,,,,,,,,,,,,,,,0.0,,,,,,,,,,,,,,,,,,,,,,,,,,,,,,,,,,,,,,,,,,,,,0.0,,,,,,,,,,,,,,,,,,,,,,,,,,,,,,,,,,,,,,,,,,,,,,0.0,,,,,,,,,,,,,,,,,,,,,,,,,,,,,,,,,,,,,,,,,,,,,,,,,,,,,,,,,,,,,,0.0,,,0.0,0.0,,,,,,,,,,,,,,,,,,,,,,,,,
1982,,,,,,,,,,,,,,0.0,,,,,,,,,,,,,,,,,0.0,,,,,,,,,,,,,,,,,,,,,,,,,,,,,,,,,,,,,,,,,,,,,0.0,,,,,,,,,,,,,,,,,,,,,,,,,,,,,,,,,,,,,,,,,,,,,,0.0,,,,,,,,,,,,,,,,,,,,,,,,,,,,,,,,,,,,,,,,,,,,,,,,,,,,,,,,,,,,,,0.0,,,0.0,0.0,,,,,,,,,,,,,,,,,,,,,,,,,
1983,,,,,,,,,,,,,,0.0,,,,,,,,,,,,,,,,,0.0,,,,,,,,,,,,,,,,,,,,,,,,,,,,,,,,,,,,,,,,,,,,,0.0,,,,,,,,,,,,,,,,,,,,,,,,,,,,,,,,,,,,,,,,,,,,,,0.0,,,,,,,,,,,,,,,,,,,,,,,,,,,,,,,,,,,,,,,,,,,,,,,,,,,,,,,,,,,,,,0.0,,,0.0,0.0,,,,,,,,,,,,,,,,,,,,,,,,,
1984,,,,,,,,,,,,,,0.0,,,,,,,,,,,,,,,,,0.0,,,,,,,,,,,,,,,,,,,,,,,,,,,,,,,,,,,,,,,,,,,,,0.0,,,,,,,,,,,,,,,,,,,,,,,,,,,,,,,,,,,,,,,,,,,,,,0.0,,,,,,,,,,,,,,,,,,,,,,,,,,,,,,,,,,,,,,,,,,,,,,,,,,,,,,,,,,,,,,0.0,,,0.0,0.0,,,,,,,,,,,,,,,,,,,,,,,,,
1985,,,,,,,,,,,,,,0.0,,,,,,,,,,,,,,,,,0.0,,,,,,,,,,,,,,,,,,,,,,,,,,,,,,,,,,,,,,,,,,,,,0.0,,,,,,,,,,,,,,,,,,,,,,,,,,,,,,,,,,,,,,,,,,,,,,0.0,,,,,,,,,,,,,,,,,,,,,,,,,,,,,,,,,,,,,,,,,,,,,,,,,,,,,,,,,,,,,,0.0,,,0.0,0.0,,,,,,,,,,,,,,,,,,,,,,,,,
1986,,,,,,,,,,,,,,0.0,,,,,,,,,,,,,,,,,0.0,,,,,,,,,,,,,,,,,,,,,,,,,,,,,,,,,,,,,,,,,,,,,0.0,,,,,,,,,,,,,,,,,,,,,,,,,,,,,,,,,,,,,,,,,,,,,,0.0,,,,,,,,,,,,,,,,,,,,,,,,,,,,,,,,,,,,,,,,,,,,,,,,,,,,,,,,,,,,,,0.0,,,0.0,0.0,,,,,,,,,,,,,,,,,,,,,,,,,
1987,,,,,,,,,,,,,,0.0,,,,,,,,,,,,,,,,,0.0,,,,,,,,,,,,,,,,,,,,,,,,,,,,,,,,,,,,,,,,,,,,,0.0,,,,,,,,,,,,,,,,,,,,,,,,,,,,,,,,,,,,,,,,,,,,,,0.0,,,,,,,,,,,,,,,,,,,,,,,,,,,,,,,,,,,,,,,,,,,,,,,,,,,,,,,,,,,,,,0.0,,,0.0,0.0,,,,,,,,,,,,,,,,,,,,,,,,,
1988,,,,,,,,,,,,,,0.0,,,,,,,,,,,,,,,,,0.0,,,,,,,,,,,,,,,,,,,,,,,,,,,,,,,,,,,,,,,,,,,,,0.0,,,,,,,,,,,,,,,,,,,,,,,,,,,,,,,,,,,,,,,,,,,,,,0.0,,,,,,,,,,,,,,,,,,,,,,,,,,,,,,,,,,,,,,,,,,,,,,,,,,,,,,,,,,,,,,0.0,,,0.0,0.0,,,,,,,,,,,,,,,,,,,,,,,,,
1989,,,,,,,,,,,,,,0.0,,,,,,,,,,,,,,,,,0.0,,,,,,,,,,,,,,,,,,,,,,,,,,,,,,,,,,,,,,,,,,,,,0.0,,,,,,,,,,,,,,,,,,,,,,,,,,,,,,,,,,,,,,,,,,,,,,0.0,,,,,,,,,,,,,,,,,,,,,,,0.0,,,,,,,,,,,,,,,,,,,,,,,,,,,,,,,,,,,,,,,0.0,,,0.0,0.0,,,,,,,,,,,,,,,,,,,,,,,,,
1990,0.0,0.0,0.0,0.0,0.0,0.0,0.0,0.0,0.0,0.0,0.585,0.13,0.0,0.0,0.00101,0.0,0.0,0.0,0.0,0.0,0.0,0.0,0.0,0.0,0.0,0.0,0.0,0.0,0.0,0.0,0.0,0.0,0.361,0.596,0.0,0.0,0.0,0.0,0.0,0.0,0.0,0.0,0.0,0.0,0.0,0.0,0.0,0.0,0.126,0.0,0.0,0.0973,0.0,0.0,0.0,0.0,0.0,0.0129,0.0,0.0,0.401,0.0,0.0528,0.0,0.0,0.0,0.0874,0.0,0.0,0.0,0.0,0.0,0.0,0.0,0.0,0.0,0.0,0.0,0.0,0.0,0.0,0.0,0.0,0.0,0.0,0.0,0.0,0.0,0.0,0.0,0.0,0.111,0.0175,0.0,0.0,0.0203,0.0,0.0,0.0,0.0,0.0,0.0,0.0233,,0.0,0.0,0.0,0.0,0.0,0.0,0.0,0.0,0.0,0.0,0.0,0.0,0.0,0.0,0.0,0.0,0.0,0.0,0.0,0.0,0.0,0.0,0.0,0.0,,0.0,0.0,0.0,0.0,0.0,0.0,0.0,0.0,0.0,0.0,0.0,0.0,0.334,,0.707,0.0,0.0,0.0,0.0,0.0,0.0,0.0,0.0,0.0,0.0,0.0,0.0,0.0,0.0,0.0,0.0,0.0,0.0,0.0,0.0,0.0,0.0,0.0,0.0,0.0,0.0,0.0,0.0,0.0,0.0,,,0.0,0.0,0.0,0.0,0.584,0.0,0.0,0.0,0.0,0.0,0.0,0.0,0.0,0.0,0.0,0.0,0.0,0.0,0.0,0.0,0.0,0.0,0.0,0.0,0.785,0.0,0.0,0.0,0.0,0.0,0.0,0.0,0.0,0.0,0.0,0.0,0.0
1991,0,0,0,0,0,0,0,0,0,0,1.1,0.259,0,0,0.0201,0,0,0,0,0,0,0,0,0,0,0,0.00329,0,0,0,0,0,0.57,1.18,0,0,0,0,0,0,0,0,0,0,0,0,0,0,0.25,0,0,0.194,0,0,0,0,0,0.0257,0,0,1.4,0,0.14,0,0,0,0.174,0,0,0,0,0,0,0,0.0488,0,0,0,0,0,0.121,0,0,0,0.00338,0,0,0.0568,0,0,0.505,0.215,0.0351,0,0,0.0404,0,0,0,0,0,0,0.0461,,0,0,0,0,0,0,0,0,0,0,0,0,0,0,0,0,0,0,0.00588,0,0,0,0,0,,0,0,0,0,0,0,0,0,0,0,0,0,0.531,,1.41,0,0,0,0,0,0,0,0,0,0,0.00523,0,0,0.1,0,0,0,0,0,0,0,0,0,0,0.162,0,0,0,0,0,,,0,0,0,0,1.16,0,0,0,0,0,0,50µ,0,0,0,0,0,0,0,0,0,0,0,0,1.16,0,0,0,0,0,0,0,0,0,0.0133,0,0
1992,0.0,0.0,0.0,0.0,0.0,0.0,0.00299,0.0,0.0,0.0,1.77,0.643,0.0,0.0,0.1,0.0,0.0,0.0,0.0,0.0,0.0,0.0,0.0,0.0,0.0,0.0,0.0129,0.0,0.0,0.0,0.0,0.0,0.916,1.75,0.0365,0.0,0.0,0.0,0.0,0.0,0.0,0.0,0.0,0.00111,0.0,0.0,0.0501,0.0,0.435,0.0,0.0,0.387,0.0,0.0,0.00512,0.0,0.0,0.0769,0.0655,0.0,1.89,0.0,0.279,0.0,0.0,0.0,0.261,0.0,0.0,0.0,0.0,0.0,0.0,0.0,0.0483,0.0,0.0,0.0,0.0,0.0,0.85,0.0,0.0,0.0,0.0483,0.0,0.00011,0.17,0.0,0.0,1.54,0.311,0.0701,0.0,0.0,0.0967,0.0,0.0,0.0,0.0,0.0,0.0,0.0984,,0.0,0.0,0.0,0.0,0.0,0.0,0.0,0.0,0.0,0.0,0.153,0.0,0.0,0.0,0.0,0.0,0.0,0.0,0.0173,0.0,0.0,0.0,0.0,0.0,,0.0,0.0,0.0,0.0,0.0,0.0,0.00105,0.0,0.0,0.0,0.0,0.0,1.32,,2.22,0.0,0.0,0.286,0.0,0.0,0.0,0.0,0.0,0.0,0.0,0.0521,0.0,0.0,0.25,0.0,0.0,0.0,0.0,0.0,0.00067,0.0,0.0,0.0,0.0,0.471,0.0,0.0,0.0,0.0,0.0,,,0.0,0.0,0.0,0.0,1.5,0.0,0.0,0.0,0.0,0.0,0.0,0.00034,0.0,0.0,0.0,0.0,0.0,0.0,0.0,0.0,0.0,0.0,0.0,0.0,1.72,0.0,0.0,0.0121,0.0,0.0,0.0,0.0,0.0,0.0,0.0389,0.0,0.0
1993,0.0,0.0,0.0,0.0,0.0,0.0,0.0295,0.0,0.0,0.0,1.97,0.765,0.0,0.0,0.199,0.0,0.0,0.0,0.00234,0.0,0.0,0.0,0.0,0.0,0.0,0.0,0.0255,0.0,0.0,0.0,0.0,0.0,1.18,2.17,0.0718,0.00017,0.0,0.0,0.0,0.0,0.0,0.0,0.0,0.0815,0.0,0.0,0.0564,0.581,0.464,0.0,0.0,0.578,0.0,0.0,0.0164,0.00098,0.0,0.128,0.301,0.0,2.57,0.00668,0.591,0.0,0.0,0.0,0.52,0.0,0.0,0.0,0.0,0.0,0.0,0.0,0.191,0.0,0.0,0.0,0.0,0.0,1.33,0.0,0.0972,0.0,0.193,0.0,0.00022,0.281,0.0,0.0,2.67,0.399,0.122,0.0,0.0,0.401,0.0,0.0,0.0,0.0,0.0,0.0,0.25,,0.0911,0.0,0.0,0.0,0.0,0.0,0.0,0.0,0.0,0.0,0.302,0.0,0.0,0.0,0.0,0.0,0.0,0.0,0.0283,0.0,0.0,0.0,0.0,0.0,,0.0,0.0,0.0,0.0,0.0,0.0,0.0255,0.0,0.0,0.0,0.0,0.0,1.97,,2.78,0.0,0.0,0.631,0.0,0.0,0.0,0.0,0.0,0.0,0.0,0.13,0.0,0.0,0.45,0.0,0.0,0.0,0.0,0.0037,0.0135,0.0,0.0,0.0,0.0,0.763,0.0,0.0,0.0,0.0,0.0,,,0.0,0.0,0.128,0.41,1.72,0.0,0.0,0.0,0.0,0.0,0.0,0.0136,0.0,0.0,0.0,0.0,0.0,0.0,0.00846,0.0,0.0,0.0,0.00078,0.0,2.27,0.0,0.0,0.0416,0.0,0.0,0.0,0.0,0.0,0.0,0.114,0.0,0.0
1994,0.0,0.0,0.0,0.0,0.0,0.0,0.0437,0.00912,0.0,0.0,2.23,1.39,0.00143,0.0,0.696,0.0,0.0,0.0,0.0195,0.0,0.0,0.0,0.00049,0.0,0.0,0.0,0.0377,0.0,0.0,0.0,0.0,0.0,2.38,2.72,0.141,0.00117,0.0,0.0,0.0,0.0,0.107,0.0,0.0,0.28,0.0,0.0,0.111,1.26,0.923,0.0,0.0,1.34,0.0,0.00036,0.0348,0.00638,0.0,0.28,1.16,0.0,4.92,0.00791,0.9,0.0,0.0,0.0,1.04,0.0,0.0,0.0,0.00014,0.0,0.0,0.0,0.378,0.0,0.0647,0.0,0.348,0.0,2.78,0.0,0.268,0.0,0.484,0.00106,0.00107,0.558,0.00041,0.0,6.79,0.577,0.192,0.0368,0.0,0.8,0.00052,0.0,0.0,0.0,0.0,0.0,0.311,,0.147,0.0,0.0,0.0,0.0,0.0,0.0,0.00277,0.0,0.0,0.496,0.0,0.037,0.0,0.0,0.00083,0.0,0.0,0.0433,0.0,0.0,0.0,0.0,0.0,,0.0,0.0,0.0,0.0,0.0,0.0,0.0996,0.0,0.0,0.0,0.0,0.0132,3.26,,4.15,0.0,0.0,3.17,0.0,0.0,0.00764,0.0085,0.00584,0.0,0.0,0.389,0.0272,0.0,0.719,0.0,0.0,0.0,0.0,0.0263,0.0538,0.0,0.0,0.0,0.0,1.19,0.0,0.0,0.0,0.0,0.0,,,0.0,0.0,0.319,1.07,3.41,0.0,0.0,0.0,0.0,0.0,0.0,0.0386,0.0,0.0,0.0,0.0,0.0,0.00738,0.0499,0.0,0.0,0.0,0.0136,0.0625,4.86,0.0,0.0,0.0555,0.0,0.941,0.0,0.0,0.0,0.0,0.247,0.00678,0.00174
1995,0,0,0,0.0112,0,0.103,0.0863,0.0527,0,2.2,2.76,1.89,0.00206,0,0.992,0,0,0,0.12,0.346,0.96,0,0.00292,0.0454,6.84,0.0668,0.105,0.00775,1.02,0,0.0645,0,4.16,3.55,0.347,0.00495,0.0002,0,0,0,0.188,0,0,0.417,90µ,3.95,0.41,1.45,1.84,0.016,0.549,3.83,0.0172,0.00177,0.0438,0.0313,0,0.381,2.78,20µ,13.9,0.00912,1.64,0,0,0,1.9,0.0118,0.00035,0,0.00067,0.00922,0,0,0.75,0,0.0539,0.003,0.66,0,3.22,0.0368,0.514,0,0.677,0.0261,0.0262,1.11,0.00418,0,11.2,0.93,0.524,0.109,0.0232,1.59,0.0113,0.00073,0,0,0,0,0.82,,0.203,0,0.0716,0,0,0.306,0,0.00548,0,0,1.59,0,0.28,0.00371,0,0.00346,0,0,0.103,0,0.0407,0,0.225,0,,0.00881,0,0,0,0,0,0.146,0.00617,0.00518,0,0,0.0301,6.47,,6.42,0.00092,0,4.88,0,0.00012,0.0561,0.0334,0.0286,0,0,0.648,0.135,0,1.49,0,0,0,0.19,0.075,0.148,0,0.011,0,0.00069,2.87,0.0249,0,0,1.36,0,,,0,0.115,0.523,2.9,5.1,0.00103,0,0,0,0,0,0.0748,0,0,0,0.123,0.158,0.0112,0.0817,0,0,0.00286,0.0431,0.31,9.24,0.00153,0.129,0.122,0,2.8,0,0,0,0,0.677,0.00878,0.00768
1996,2.77,,0.00078,0.0322,1.53,0.375,0.142,0.0946,,2.86,3.28,6.91,0.00635,0.0008,2.97,0.00169,0.00096,,0.725,0.843,1.75,0.0151,0.0293,0.883,16.2,0.196,0.451,0.389,3.3,,0.157,0.00585,6.76,4.55,0.683,0.0131,0.00841,,0.00011,0.00353,0.33,,,0.841,0.0319,,0.673,1.94,3.05,0.0312,1.17,5.71,0.075,0.00174,0.0862,0.0615,0.0,1.33,3.53,0.0017,16.8,0.0644,2.58,2.32,0.278,0.0,4.12,0.0401,0.00565,,0.00195,0.0355,,,1.4,0.298,1.8,0.0195,1.36,0.0659,4.75,0.0437,0.859,0.00748,0.969,0.0566,0.0463,2.2,0.0158,,14.8,2.17,1.02,0.591,0.0449,4.37,0.0318,0.00884,,,,1.95,1.62,,0.856,,0.14,,,0.67,,0.0545,0.00285,0.277,5.55,0.813,0.727,0.00568,,0.00464,0.0037,0.227,0.2,0.0371,0.076,0.00206,1.05,,,0.0182,,0.00304,,0.184,,0.852,0.00903,0.253,0.00104,0.00883,0.0841,9.65,,18.3,0.00451,,8.04,0.0,0.00299,0.22,0.246,0.0559,,0.00207,1.3,0.268,,2.98,0.0204,,0.091,0.93,0.222,0.27,0.00088,0.0267,0.0,0.0112,8.35,0.269,0.00251,0.0864,1.43,0.00151,,,,0.226,0.783,5.07,9.04,0.0504,0.651,0.0,,,0.0109,0.115,,,,0.164,0.393,0.0276,0.193,,0.00162,0.00463,0.0986,1.85,16.4,0.00429,0.483,0.248,,4.65,0.00013,0.0568,,0.00062,0.842,0.00907,0.0168
1997,,,0.00567,0.0486,3.05,3.3,0.28,0.112,,3.48,16.4,9.53,0.0252,0.00798,4.94,0.0246,0.0187,0.00075,1.22,1.65,1.36,0.0594,0.049,1.29,24.2,0.448,0.786,0.783,4.83,,0.308,0.0143,15.1,15.1,1.06,0.0324,0.0188,0.00677,0.00021,0.00347,0.551,0.0,0.241,1.64,0.0682,,4.38,2.92,6.71,0.0829,,11.4,0.143,0.0103,0.11,0.0905,0.00902,2.8,5.71,0.00497,19.5,0.223,4.25,4.6,0.571,0.048,7.39,0.0609,0.0275,2.66,0.0038,0.0513,0.0164,0.0415,1.85,0.991,7.95,0.0955,2.34,0.132,10.5,0.171,1.73,,1.94,0.195,0.0708,4.09,0.0468,,27.5,4.4,2.28,0.798,0.599,9.16,0.0646,0.0344,,0.00584,,2.26,3.6,,2.17,,1.24,0.00449,,0.992,,0.162,0.00558,0.978,7.14,2.05,2.36,0.0216,,0.0281,0.0143,0.309,0.627,,0.504,0.0101,3.92,,,0.113,,0.0118,0.00417,0.476,0.00467,2.31,0.0587,0.989,0.00201,0.0172,0.206,14.1,,20.4,0.022,,14.6,0.44,0.0276,0.539,0.403,0.137,,0.101,2.07,1.33,0.0,4.95,0.0996,,0.214,3.08,0.445,0.473,0.00163,0.0521,0.00123,0.0273,13.5,0.392,0.00499,0.257,1.42,0.00295,,,,1.0,1.17,7.59,23.7,0.0886,1.28,0.0326,,0.00066,0.211,0.361,,,,0.511,1.17,0.0437,0.474,,0.0079,0.0103,0.199,3.36,21.6,0.0105,0.926,0.391,,6.95,0.00398,0.14,0.175,0.015,1.63,0.00933,0.0331
1998,,,0.0185,0.065,6.89,6.91,0.831,0.129,,4.07,30.8,15.4,0.0375,0.0158,7.89,0.0479,0.0454,0.00368,1.84,3.22,2.34,0.144,0.0739,2.09,32.1,0.626,1.48,1.97,6.28,,0.602,0.0279,24.9,24.8,1.66,0.169,0.061,0.0132,0.00041,0.00342,1.13,0.0379,0.473,2.67,0.227,,8.89,3.9,9.88,0.0947,2.93,22.7,0.234,0.0202,0.125,0.148,0.00877,4.36,10.8,0.00966,25.5,0.633,6.32,11.3,1.86,0.17,13.7,0.103,0.0322,4.18,0.0062,0.206,0.0241,0.0944,3.22,1.48,14.7,0.467,4.5,0.264,14.5,0.301,3.27,0.024,3.89,0.255,0.139,8.1,0.0998,,36.3,10.3,4.56,1.98,1.31,13.4,0.131,0.0503,0.0728,0.0163,0.617,3.34,6.78,,3.05,0.00966,2.72,0.0041,,1.3,,0.296,0.011,1.97,11.7,3.32,7.0,0.142,,0.261,0.0626,0.57,1.27,,1.0,0.0198,6.5,,,0.146,,0.0202,0.0406,2.57,0.0181,6.75,0.287,1.94,0.00291,0.0252,0.304,22.2,,22.6,0.0644,,31.6,0.863,0.044,2.75,1.19,1.1,,0.235,4.1,2.65,0.0,9.87,0.195,,1.32,3.52,2.24,0.813,0.0118,0.101,0.00481,0.0799,19.6,0.508,0.0148,0.425,1.41,0.00716,,,0.296,1.67,2.69,10.1,33.5,0.0961,2.53,0.0637,,0.00427,0.306,1.09,,,,0.765,2.72,0.108,0.699,,0.00924,0.0653,0.301,6.99,30.1,0.0208,1.85,1.38,,9.25,0.0131,0.274,0.23,0.0233,2.91,0.0302,0.0817
1999,4.51,,0.072,0.0814,7.64,14.9,3.28,0.971,,5.3,40.8,23.0,0.0992,0.0392,13.8,0.155,0.0618,0.0362,2.91,4.72,3.76,0.194,0.495,4.08,39.9,0.982,2.04,2.38,7.67,0.138,1.12,0.0409,36.2,34.0,4.1,0.708,0.119,0.129,0.00101,0.0168,1.7,0.148,1.16,3.9,0.315,,11.3,6.83,20.8,0.106,2.93,30.6,1.1,0.2,0.823,0.29,0.0255,7.09,14.5,0.0125,32.3,0.942,9.13,22.3,2.8,0.249,21.3,0.416,0.105,5.94,0.0608,0.716,0.118,0.0974,6.88,2.47,21.6,0.593,8.5,0.4,21.2,0.574,4.41,0.0707,5.86,0.444,0.273,10.9,0.379,,41.3,13.4,14.4,2.36,2.53,21.4,0.464,0.114,0.205,0.032,1.21,4.4,23.6,,4.76,0.0378,5.38,0.0113,0.134,1.93,,0.348,0.0538,2.92,17.4,4.39,9.21,0.176,,0.601,0.169,1.12,1.86,0.966,1.5,0.0609,7.76,0.00015,,0.508,,0.0563,0.118,4.65,0.0873,12.3,0.336,5.69,0.0281,0.041,0.498,39.2,,40.0,0.147,,41.5,2.52,0.0554,3.84,1.95,1.43,,0.667,5.46,5.27,0.0,14.7,0.382,,3.45,4.07,2.7,1.02,0.0672,0.494,0.00879,0.311,24.2,0.495,0.0485,0.845,42.8,0.0139,,,0.363,1.89,5.44,12.6,41.4,0.471,6.23,0.124,,0.0123,0.59,2.43,0.0328,0.045,,1.02,5.81,1.6,2.29,,0.0751,0.106,0.405,9.97,35.8,0.0307,2.78,2.84,,11.1,0.129,0.538,0.285,0.0566,4.12,0.147,0.162
2000,15.4,,0.105,0.114,10.5,23.6,7.04,1.3,,6.48,46.8,33.7,0.148,0.0772,29.4,0.225,0.0771,0.071,5.37,6.15,8.0,1.08,1.86,5.96,42.9,1.44,2.87,3.97,9.0,0.401,2.9,0.0534,51.3,47.1,16.6,1.78,0.231,0.252,0.0059,0.0263,2.21,0.272,1.82,5.8,0.541,,15.3,9.78,30.2,0.195,8.81,39.2,3.7,0.492,1.46,0.641,0.137,13.6,28.6,0.0153,37.2,1.5,14.3,32.9,3.73,1.22,26.8,0.485,0.154,19.1,0.0954,0.922,0.23,0.132,9.14,4.06,31.7,0.712,16.1,0.6,27.8,1.2,6.64,0.231,7.0,0.926,0.528,17.9,0.934,,44.5,20.9,23.1,3.12,2.62,30.0,0.669,0.318,1.04,0.047,1.79,5.86,44.7,,6.73,0.111,7.95,0.0177,0.187,5.09,36.5,0.647,0.212,6.43,22.9,6.32,13.6,0.694,42.2,1.28,0.196,2.2,5.08,1.53,2.49,0.143,13.1,,,1.26,,0.11,0.192,7.28,0.127,21.4,1.64,13.9,0.0363,0.0641,0.98,44.0,,52.0,0.205,,47.4,3.52,,6.55,3.08,1.98,,0.835,7.29,10.5,0.0,16.4,0.748,1.11,6.36,4.86,3.61,1.98,0.0628,2.21,0.0258,0.404,36.0,0.481,0.118,1.18,48.8,0.02,,,4.64,2.51,9.43,15.1,45.7,0.926,7.4,0.182,,0.0357,0.8,3.69,0.0486,0.133,,2.43,7.72,2.75,3.76,5.24,0.117,0.164,0.716,10.5,43.1,0.484,3.25,3.36,,13.8,0.254,2.11,0.566,0.0825,5.35,0.191,0.401
2001,17.1,0.00472,0.136,0.326,,26.3,9.78,1.63,,8.9,52.7,39.2,0.306,0.106,31.3,0.363,0.158,0.13,7.61,15.0,11.8,1.2,4.3,,47.5,2.12,4.53,11.9,12.9,0.865,3.43,0.0785,60.2,55.1,19.1,2.64,0.396,0.277,0.0115,0.0322,2.85,0.443,2.69,9.56,1.08,,18.8,14.7,31.7,0.344,13.2,43.0,4.43,0.646,2.67,0.839,0.158,18.1,31.5,0.0372,43.1,1.86,26.3,43.2,4.66,1.35,33.5,0.992,0.2,21.2,0.176,1.34,0.3,0.165,10.9,5.13,35.5,1.74,25.4,1.0,38.7,1.42,11.6,0.341,14.5,2.02,0.66,23.1,1.48,0.1,49.4,17.4,27.2,3.86,4.71,38.5,1.01,0.62,3.0,0.077,2.34,7.71,56.6,,8.55,0.182,6.78,0.0338,0.367,8.18,45.1,0.794,0.261,7.18,36.2,7.22,22.5,1.37,46.6,1.49,0.223,3.62,7.04,1.71,3.47,0.186,17.9,0.00029,,1.65,,0.16,0.261,8.78,0.164,26.7,2.42,18.2,0.105,0.0899,1.45,49.4,,64.0,0.24,2.99,53.2,5.89,1.32,7.27,7.58,2.52,,0.904,9.9,15.6,0.0,18.1,1.1,1.84,6.25,6.17,4.54,2.94,0.241,4.68,0.14,0.984,41.7,0.469,0.16,1.5,50.3,0.079,,,6.31,3.06,12.5,30.2,51.8,1.28,11.0,0.354,,0.0459,0.9,5.56,0.0513,0.175,,2.83,15.4,4.3,5.19,5.7,0.171,0.238,1.24,11.1,49.1,0.598,5.09,4.64,,18.4,1.27,2.83,1.69,0.0908,6.35,0.233,0.8
2002,18.8,0.00456,0.27,0.39,11.3,28.3,10.9,1.96,,12.5,,36.6,5.0,0.118,46.3,0.703,0.201,0.14,9.08,18.1,18.0,2.65,8.95,5.68,52.0,3.12,9.15,27.8,15.3,1.68,3.39,0.129,61.6,61.4,22.1,4.6,0.498,0.361,0.0928,0.157,4.6,0.555,3.52,19.9,3.77,,28.3,23.9,48.8,0.487,18.4,64.3,6.82,1.59,4.26,2.72,0.227,20.4,41.5,0.0724,62.4,6.15,30.2,53.3,5.57,1.94,56.5,1.59,0.83,23.7,0.402,1.8,1.02,0.321,14.7,14.8,44.2,3.39,31.2,1.5,43.1,2.6,17.8,0.893,16.7,2.13,1.54,25.9,4.63,0.5,79.1,17.8,28.0,6.1,6.03,46.6,1.67,1.21,3.0,0.227,2.5,21.2,59.4,,10.2,0.268,7.0,0.0327,2.24,14.6,59.5,1.05,1.08,17.7,39.8,21.9,25.2,2.37,48.0,3.79,0.34,5.35,11.9,2.34,17.3,0.227,28.9,0.00043,,2.04,,0.26,0.363,10.3,0.215,32.3,2.63,22.4,0.127,0.32,1.71,61.3,,72.8,0.313,,59.1,6.87,2.58,8.52,8.97,4.33,20.2,1.32,21.1,17.5,0.0,19.4,1.79,3.1,8.2,10.2,6.58,4.13,0.293,6.38,0.439,1.01,47.0,0.502,0.176,1.9,50.8,0.116,,,7.58,4.16,40.1,27.8,70.6,1.82,14.3,2.09,,0.166,1.0,7.53,0.0555,0.302,0.0,2.91,22.0,5.25,11.4,6.3,0.222,0.384,1.87,11.4,58.8,1.08,5.55,4.91,18.9,27.5,1.85,3.51,2.24,0.519,6.71,0.478,1.1
2003,20.8,0.0879,0.371,0.972,13.5,29.5,11.9,4.58,,17.2,,42.7,,0.201,50.0,0.951,0.373,0.164,12.0,21.6,20.0,3.97,,,56.5,3.51,13.2,39.7,19.6,2.44,3.35,0.152,64.2,65.1,25.5,6.2,0.759,0.588,0.135,0.46,7.39,0.848,4.32,20.3,5.24,,30.1,34.3,55.9,0.626,23.6,76.3,7.9,2.2,4.46,4.04,,39.9,45.3,0.106,69.2,6.73,36.1,58.9,9.23,2.66,64.8,2.56,1.19,28.3,0.451,2.44,1.35,0.521,17.8,18.6,54.5,4.55,33.7,2.4,52.2,4.8,22.8,1.65,21.6,2.39,1.69,34.3,6.93,0.6,83.1,19.6,29.0,7.8,8.47,48.4,2.0,2.94,3.91,0.261,3.0,23.0,65.5,,22.4,0.334,8.0,0.0319,2.81,21.0,58.8,1.46,1.53,25.9,54.5,27.0,25.7,3.35,49.5,7.41,0.423,5.98,12.9,2.57,19.1,0.31,31.6,0.0241,,,,0.42,0.424,12.2,0.279,35.0,3.36,26.4,0.156,0.559,1.88,64.3,,78.1,0.383,,61.0,7.26,5.04,9.99,11.6,4.86,21.6,1.37,24.9,19.7,0.0,29.7,2.11,4.13,14.1,19.2,8.9,8.3,0.357,8.0,0.538,2.1,53.8,0.556,0.19,2.5,50.0,0.376,,,10.2,4.72,43.0,31.9,79.1,2.44,14.6,3.4,,0.32,1.2,9.3,0.0646,0.425,0.0,2.99,26.0,6.49,12.3,6.9,0.677,0.465,3.15,15.9,61.7,1.91,6.46,7.5,,27.4,3.78,3.9,2.8,0.605,7.01,0.98,1.8
2004,23.0,0.106,0.465,2.42,26.8,30.1,16.0,4.9,,24.3,,54.3,,0.349,53.9,1.18,0.4,0.199,18.1,21.5,22.0,15.5,,9.8,61.0,4.44,19.1,49.8,29.7,3.16,3.3,0.223,66.0,67.8,28.2,7.3,0.849,0.976,0.196,1.08,9.12,1.33,5.32,20.8,8.41,,33.8,35.5,64.7,0.781,30.3,80.9,8.87,4.63,4.83,11.9,,44.0,53.2,0.155,72.4,7.41,39.1,66.5,11.0,2.98,65.6,3.89,1.72,32.9,0.509,3.31,1.81,0.844,21.4,19.6,56.1,5.1,36.2,3.7,56.4,5.6,30.9,5.4,27.7,2.6,1.98,37.0,7.49,0.9,83.9,22.8,33.2,10.0,11.7,62.4,2.65,3.02,5.09,0.3,3.5,24.7,72.7,,22.9,0.361,9.0,0.031,3.53,21.4,64.0,1.45,2.18,31.2,65.9,38.6,31.5,11.6,52.5,10.6,0.525,6.59,14.1,3.6,24.4,0.433,34.6,0.0243,25.4,,,0.679,0.481,13.7,0.348,42.3,3.8,30.3,0.19,1.29,2.32,68.5,,77.7,0.45,,61.8,6.76,6.16,11.1,14.1,5.24,27.0,1.51,32.5,22.1,0.0,31.8,3.45,4.4,17.9,20.7,15.0,12.9,0.431,10.2,0.792,4.39,62.0,0.65,0.203,3.2,50.6,1.05,23.5,,13.3,6.08,52.9,40.8,83.9,3.23,24.3,4.32,,0.361,1.5,10.7,0.0775,0.754,0.0,3.95,27.0,8.53,14.6,7.6,0.878,0.72,3.49,17.1,64.8,2.59,7.37,8.4,,27.4,7.64,4.75,3.08,0.881,8.43,1.1,2.1
2005,25.4,1.22,1.14,6.04,37.6,40.0,17.7,5.25,,27.0,63.0,58.0,8.03,0.542,55.8,1.27,0.47,0.242,20.0,21.3,25.0,21.3,,17.0,65.4,5.23,21.0,52.5,36.5,3.85,3.26,0.268,71.7,70.1,31.2,8.52,1.04,1.4,0.238,1.46,11.0,2.0,6.07,22.1,9.74,38.0,32.8,35.3,68.7,0.954,38.5,82.7,11.5,5.84,5.99,12.8,,47.9,61.5,0.22,74.5,8.45,42.9,67.9,11.9,4.89,70.0,6.08,1.83,39.1,0.542,3.8,1.9,1.15,24.0,20.5,57.7,5.7,38.6,5.7,56.9,6.5,33.1,6.38,39.0,3.6,2.39,41.6,8.1,0.9,87.0,25.2,35.0,12.8,12.9,66.9,2.96,3.1,10.5,0.317,4.0,34.0,73.5,,25.9,0.85,10.1,,3.92,21.6,63.4,1.79,2.58,36.2,70.0,46.0,34.9,15.1,55.5,14.6,0.568,6.87,17.2,3.88,26.4,0.507,41.2,0.0652,27.1,,,0.854,0.67,15.2,0.384,48.6,4.01,32.4,0.221,3.55,2.57,81.0,,82.0,0.827,,62.7,6.68,6.33,11.5,17.1,5.4,,1.72,38.8,23.4,0.0,35.0,7.91,16.0,21.5,24.7,21.5,15.2,0.556,12.7,1.29,4.79,61.0,0.844,0.215,4.2,50.3,1.08,26.3,,13.8,6.4,55.2,46.8,84.8,3.7,25.4,5.65,,0.399,1.8,15.0,0.299,0.997,0.099,4.91,29.0,9.66,15.5,8.3,1.1,1.74,3.75,20.1,68.0,3.34,9.2,12.6,,27.3,12.7,5.08,3.35,1.05,7.49,1.3,2.4
2006,28.0,2.11,1.5,9.61,48.9,52.0,20.9,5.63,,30.0,66.0,63.6,12.0,0.658,62.0,1.54,0.633,1.0,27.1,28.2,26.0,25.1,16.2,24.0,69.9,6.2,28.2,55.3,42.2,4.52,4.29,0.311,72.4,75.7,34.5,10.5,1.52,2.03,0.296,2.01,15.3,2.2,6.81,25.1,11.2,44.5,35.8,47.9,72.2,1.27,39.4,86.7,14.8,7.38,7.2,13.7,,50.4,63.5,0.311,79.7,9.6,46.9,69.4,12.8,5.49,68.8,7.53,2.72,45.3,0.637,5.24,2.06,1.28,32.3,21.4,59.4,6.5,43.9,8.9,60.8,7.8,38.0,6.8,47.1,4.76,2.81,54.8,8.76,0.952,89.5,27.9,38.0,16.4,13.9,68.7,3.27,3.6,12.3,0.468,4.5,38.5,78.1,,28.8,1.17,15.0,,4.3,24.5,64.2,2.54,2.98,43.9,72.5,53.6,46.4,19.8,61.5,19.6,0.608,11.0,19.5,3.8,28.6,0.73,40.4,0.182,28.9,,,0.843,0.98,16.7,0.425,51.6,4.4,33.5,0.294,5.55,2.81,83.7,,82.5,1.14,,69.0,8.3,6.5,17.3,20.7,5.74,,1.75,44.6,25.4,0.0,38.0,7.96,18.4,25.1,29.0,24.7,18.0,,19.5,,5.61,59.0,1.65,0.228,5.5,50.2,1.1,27.2,,14.2,9.5,56.1,54.0,87.8,3.7,35.0,7.83,,0.581,2.0,17.2,3.77,1.32,0.5,5.85,30.0,13.0,18.2,9.1,1.3,2.53,4.51,29.4,68.9,6.39,12.0,15.2,,27.3,17.3,5.85,4.47,1.25,7.61,1.6,2.4
2007,30.9,1.9,1.7,15.0,70.9,61.0,25.9,6.02,,34.0,69.5,69.4,14.5,0.7,66.8,1.79,0.75,1.8,33.6,32.9,27.0,27.9,19.7,24.6,74.4,10.5,30.9,58.2,44.7,5.92,5.28,0.376,73.2,77.2,35.9,16.0,1.8,2.93,0.37,2.76,21.8,2.5,8.28,28.4,11.7,52.0,40.8,51.9,75.2,1.62,40.3,85.0,17.7,9.45,10.8,16.0,0.41,55.1,66.2,0.37,80.8,10.9,66.1,76.0,13.6,5.77,75.1,8.26,3.85,51.6,0.78,6.21,2.21,1.56,35.9,22.3,61.1,7.3,46.2,13.8,64.8,9.4,41.4,7.2,53.3,5.79,3.95,61.2,9.47,0.93,90.6,48.1,40.8,21.1,20.0,74.3,4.02,4.4,14.0,0.49,6.0,43.5,78.8,,34.8,1.64,18.7,0.551,4.72,27.9,65.1,3.88,3.45,49.9,78.9,59.2,47.3,21.5,64.4,20.4,0.65,16.3,20.8,3.95,36.3,0.81,46.9,0.217,30.8,9.0,,0.91,1.43,20.2,0.966,55.7,4.84,35.0,0.39,6.77,3.9,85.8,,86.9,1.41,,69.8,16.7,6.8,22.3,25.2,5.97,,1.79,48.6,27.9,0.0,42.1,11.2,21.2,28.6,37.0,28.3,24.7,2.12,30.0,8.66,6.89,69.9,2.0,0.24,6.11,50.4,1.12,33.1,,14.6,14.1,61.8,56.7,82.0,4.1,38.4,11.5,,0.847,2.2,20.0,7.2,1.41,1.0,7.18,32.3,17.1,28.6,10.0,1.6,3.67,6.55,34.0,75.0,7.49,16.0,20.8,,27.3,20.8,6.8,4.75,5.01,8.07,1.9,3.0
2008,52.0,1.84,1.9,23.9,70.0,63.0,28.1,6.21,,38.0,71.7,72.9,17.1,0.81,68.9,1.85,0.92,2.5,39.7,52.0,31.5,34.7,23.0,26.3,82.3,12.5,33.8,61.4,46.0,6.55,6.25,1.0,76.7,79.2,37.3,22.6,1.9,3.4,0.44,4.29,25.6,3.0,14.0,32.3,12.9,61.0,42.3,63.0,78.0,2.26,41.2,85.0,20.8,10.2,18.8,18.0,0.47,59.6,70.6,0.45,83.7,13.0,70.7,75.6,14.5,7.5,78.4,10.0,4.27,58.0,0.92,6.88,2.35,1.82,38.2,23.2,62.8,8.3,48.4,18.2,66.7,9.6,44.2,7.6,61.0,7.92,4.38,65.3,12.0,1.0,91.0,59.4,44.5,23.6,23.0,75.4,11.0,5.2,15.7,0.51,7.0,49.2,81.0,,42.0,3.55,22.5,0.53,9.0,30.0,70.0,,3.58,55.2,82.2,63.4,49.2,33.1,67.3,23.4,1.65,23.2,21.7,4.6,46.0,1.57,50.1,0.22,32.9,9.8,,1.56,1.87,21.8,0.7,55.8,5.33,34.5,0.7,8.0,5.3,87.4,,90.6,1.73,,72.0,20.0,7.0,33.8,30.6,6.22,,1.15,53.1,38.0,0.0,44.1,14.3,24.4,33.9,44.3,32.4,32.0,4.5,36.0,,7.12,69.0,3.0,0.25,10.1,54.5,1.14,35.6,,15.5,21.1,66.0,58.0,90.0,6.85,40.4,14.0,,1.19,2.4,18.2,8.78,1.75,1.5,8.11,34.8,27.5,34.4,11.2,1.9,3.88,11.0,39.3,74.0,9.08,21.0,25.9,,27.4,23.9,7.27,5.03,6.89,8.43,2.2,3.5
2009,58.0,3.55,2.3,41.2,78.5,64.0,34.0,15.3,,42.0,74.3,73.5,27.4,0.9,74.5,2.24,1.13,3.1,45.0,53.0,33.9,37.7,27.4,27.2,83.3,16.8,39.2,64.7,49.0,7.17,6.15,1.8,80.3,81.3,41.6,28.9,2.0,3.84,0.56,4.5,30.0,3.5,21.0,34.3,14.3,64.5,49.8,64.4,79.0,4.0,42.0,86.8,27.7,11.2,24.6,20.0,0.54,62.4,72.5,0.54,82.5,17.0,71.6,75.2,15.3,9.5,83.6,20.1,5.44,65.1,0.94,7.63,2.3,2.13,42.4,24.1,62.8,9.3,50.6,23.9,69.4,9.8,50.6,8.1,62.0,6.92,5.12,67.4,13.8,1.06,93.0,63.1,48.8,24.3,26.0,78.0,18.2,6.1,16.0,0.53,8.97,55.7,81.6,,50.8,6.0,30.1,2.0,10.8,31.0,75.0,,3.72,59.8,87.3,66.8,54.0,41.3,70.1,27.5,1.63,24.8,26.3,5.6,51.8,1.8,58.9,0.22,35.1,10.0,,2.68,2.28,22.5,1.07,55.9,6.5,34.0,0.76,9.3,7.3,89.6,,92.1,1.97,,79.7,26.8,7.5,39.1,31.4,9.0,,1.61,59.0,41.5,0.0,48.3,18.9,32.2,44.6,53.1,36.6,42.5,7.7,38.0,,7.5,69.0,4.0,0.26,12.1,54.2,1.16,38.1,,16.4,31.4,70.0,64.0,91.0,8.94,,17.3,,1.5,2.6,20.1,10.1,1.95,2.0,10.0,44.3,34.1,36.4,12.8,2.4,4.1,17.9,41.8,71.0,11.9,31.0,32.7,36.0,27.4,26.6,7.5,6.0,9.96,10.0,2.5,4.0
2010,62.0,4.0,2.8,45.0,81.0,68.0,45.0,25.0,,47.0,76.0,75.2,46.0,1.0,77.6,3.13,2.4,3.7,46.2,55.0,43.0,42.8,31.8,28.2,84.2,22.4,40.6,65.1,53.0,13.6,6.0,2.0,80.3,83.9,45.0,34.3,2.7,4.3,0.72,5.0,36.5,5.1,30.0,36.5,15.9,66.0,53.0,68.8,82.0,6.5,47.5,88.7,31.4,12.5,29.0,21.6,0.61,65.8,74.1,0.75,86.9,20.0,77.3,75.2,20.0,13.0,85.0,26.9,7.8,65.0,1.0,9.2,2.45,6.0,44.4,27.0,63.0,10.5,54.0,29.9,72.0,11.1,56.5,8.37,65.0,10.9,7.5,69.8,15.9,2.5,93.4,67.5,53.7,27.7,27.2,78.2,31.6,7.2,16.3,1.26,9.07,63.0,83.7,,61.4,7.0,43.7,2.3,14.0,32.5,80.0,,3.86,62.1,90.6,68.4,55.2,52.0,75.0,29.7,1.7,26.5,31.1,7.0,51.9,2.0,63.0,0.25,37.5,10.2,,4.17,4.0,28.3,2.26,56.3,11.6,42.0,0.83,11.5,10.0,90.7,,93.4,7.93,,80.5,35.8,8.0,40.1,34.8,25.0,,1.28,62.3,45.3,0.0,53.3,19.8,37.4,49.0,69.0,39.9,49.0,8.0,41.0,,8.0,71.0,5.0,0.58,15.9,,,40.9,,18.8,31.6,75.7,70.0,90.0,11.0,41.0,20.7,,1.7,3.0,22.4,11.6,3.0,3.0,16.0,48.5,36.8,39.8,14.6,2.9,4.3,23.3,46.4,71.7,15.9,33.7,37.4,37.0,31.2,30.6,8.0,7.0,12.3,24.0,3.0,6.4
2011,69.0,5.0,4.7,47.0,81.0,78.0,51.0,32.0,,52.0,79.5,78.7,50.0,1.11,81.6,4.15,3.0,4.5,48.0,77.0,65.0,43.9,39.6,30.7,88.3,30.0,45.7,66.5,56.0,14.4,9.0,2.2,83.0,85.2,52.2,38.3,2.9,5.0,1.2,5.6,40.4,5.5,32.0,39.2,16.0,69.5,56.9,70.5,81.3,7.0,48.6,89.8,38.0,14.9,31.4,25.6,0.7,67.1,76.5,1.1,88.7,28.0,77.8,80.7,22.8,18.0,85.4,31.5,9.0,65.0,2.0,10.9,2.67,11.5,51.6,30.0,64.0,12.3,57.7,30.0,72.2,15.9,57.8,9.0,68.0,12.3,10.1,74.9,19.0,5.0,94.8,68.9,54.4,37.4,34.9,79.1,50.6,8.8,17.5,3.1,10.0,63.2,83.8,,65.8,9.0,52.0,2.5,14.0,34.0,85.0,,7.0,63.6,90.0,69.7,60.2,46.1,80.3,32.1,1.9,34.0,37.2,10.0,56.7,2.2,68.0,0.98,35.6,12.5,,4.6,4.5,35.0,3.33,61.0,12.0,50.0,0.9,13.8,10.6,91.4,,93.5,9.0,54.0,81.2,48.0,8.0,42.7,36.0,29.0,,2.0,62.0,48.0,0.0,55.3,24.8,41.1,49.0,69.0,40.0,58.0,7.0,47.5,,9.8,71.0,6.0,0.9,18.9,49.6,1.25,42.2,,20.2,32.0,74.4,67.3,92.8,18.1,43.2,22.5,,1.9,3.5,23.7,13.0,5.0,4.0,25.0,55.2,39.1,43.1,16.5,3.2,4.6,28.7,51.4,69.7,18.6,36.7,40.2,37.4,35.6,35.1,9.2,11.0,14.9,34.0,3.5,8.4
2012,74.0,5.45,7.7,49.4,82.7,85.0,55.8,37.5,,58.0,79.0,80.0,54.2,1.22,80.7,4.5,3.73,5.0,51.9,88.0,71.7,45.1,46.9,31.0,91.3,35.3,48.6,71.2,60.3,15.6,16.0,2.4,83.0,85.2,55.0,42.3,4.4,7.5,1.68,6.11,49.0,5.98,34.7,47.5,21.2,69.7,60.7,73.4,82.3,9.4,49.8,92.3,42.3,18.2,35.1,26.4,0.8,69.8,78.4,2.9,89.9,33.7,81.4,85.3,26.0,24.0,87.5,36.9,10.6,65.0,3.1,12.4,2.89,13.9,55.1,32.0,64.9,16.0,61.5,30.5,72.9,18.1,61.9,9.8,70.6,14.5,11.1,76.9,22.7,7.1,96.2,70.8,55.8,33.8,37.0,79.5,61.9,10.5,19.8,4.94,10.7,64.0,84.1,,70.5,10.7,61.2,2.6,15.2,45.9,89.4,,10.0,67.2,91.9,73.1,61.3,55.4,87.0,34.6,2.3,38.9,39.8,12.5,57.4,2.8,68.2,1.4,56.8,16.4,,5.0,5.0,35.4,4.35,65.8,12.9,58.0,1.05,16.1,13.5,92.9,,94.6,11.1,,81.6,60.0,8.1,40.3,38.2,30.8,,3.5,62.3,69.0,0.0,60.3,29.3,43.4,52.9,69.3,45.9,66.0,8.02,54.0,,10.8,72.0,7.0,2.5,20.3,,1.38,48.1,,21.6,34.7,76.7,68.3,93.2,20.8,47.1,24.3,,2.1,4.0,26.5,14.5,7.2,7.0,30.0,57.5,41.4,45.1,18.7,3.95,4.8,35.3,54.5,74.7,23.6,40.0,49.1,37.6,40.5,36.8,10.6,12.9,17.4,41.0,4.1,12.0
2013,78.9,5.9,13.0,51.8,84.4,88.0,59.9,41.9,,63.4,83.5,80.6,73.0,1.26,82.2,4.9,5.0,6.63,53.1,90.0,72.0,48.5,54.2,33.6,95.3,37.0,51.0,71.8,64.5,22.4,30.0,2.5,85.8,86.3,58.0,45.8,6.6,10.0,2.2,6.6,51.7,6.5,37.5,46.0,27.9,71.4,65.5,74.1,84.2,12.7,51.0,94.6,45.9,22.5,40.3,29.4,0.9,71.6,80.0,4.6,91.5,35.2,81.9,90.0,27.8,30.5,89.8,43.3,15.0,,4.5,14.0,3.1,16.4,59.9,35.0,65.8,19.7,65.4,31.0,74.2,17.8,66.7,10.6,72.6,14.9,12.3,78.2,29.9,9.2,96.5,70.3,58.5,37.1,41.4,88.2,63.3,13.0,23.0,6.0,11.5,64.6,84.8,,75.5,12.5,70.5,3.2,16.5,49.4,93.8,,15.0,68.5,93.8,75.2,65.8,56.0,90.7,37.4,3.0,44.1,43.5,14.0,65.2,3.5,68.9,1.8,60.3,17.7,,5.5,6.2,40.1,5.05,57.1,13.9,66.0,1.15,19.1,15.5,94.0,,95.1,13.3,,82.8,66.5,9.0,44.0,39.2,32.7,,5.1,62.8,69.0,0.0,62.1,36.9,46.6,56.8,85.3,49.8,68.0,9.0,60.5,,13.1,80.9,8.0,4.0,23.1,,1.5,53.5,2.2,23.0,37.4,77.9,72.7,94.8,24.7,50.4,26.2,,2.5,4.5,28.9,16.0,9.6,11.0,32.8,59.9,43.8,46.3,21.2,4.4,5.1,41.0,57.7,71.4,26.8,43.5,54.9,,45.3,38.5,11.3,15.3,20.0,46.5,4.8,15.5
2014,83.8,7.0,21.4,54.3,86.1,90.4,64.7,54.6,,67.8,84.0,81.0,75.0,1.4,85.0,6.0,6.0,11.9,55.5,90.5,76.9,49.9,59.0,38.7,96.8,34.6,54.6,75.2,68.8,30.3,36.7,2.7,87.1,87.4,61.1,47.9,10.0,16.2,3.0,7.11,52.6,6.98,40.3,53.0,29.1,74.1,69.3,74.2,86.2,17.0,57.5,96.0,49.6,29.5,45.6,33.9,0.99,76.2,84.2,7.7,86.5,37.4,83.8,93.3,29.6,38.1,91.6,44.0,19.0,,6.4,15.6,3.32,18.9,63.2,51.6,66.7,23.4,69.3,32.0,79.9,23.0,68.6,11.4,75.7,17.1,13.5,83.5,39.4,13.2,98.2,75.0,55.6,40.4,46.2,89.1,66.0,16.5,28.3,14.0,12.3,68.0,87.6,,78.7,14.3,73.0,5.41,17.8,53.2,95.2,10.5,22.0,72.1,94.7,75.8,69.8,56.8,92.4,40.5,3.7,49.3,44.4,16.8,68.1,7.0,73.2,7.4,61.0,19.9,,6.0,11.8,44.8,5.83,63.7,14.8,70.0,1.25,21.0,17.6,91.7,,96.3,15.4,,84.0,70.2,10.0,44.9,40.2,34.7,,6.5,66.6,69.0,,64.6,43.0,53.7,60.7,91.5,54.1,70.5,10.6,64.7,,17.7,82.1,9.0,6.06,24.8,,1.63,62.1,2.6,24.4,40.1,80.0,71.6,92.5,25.0,51.3,28.1,,2.9,5.7,34.9,17.5,12.2,17.5,36.0,62.4,46.2,51.0,24.1,7.0,5.4,46.2,61.5,73.0,35.5,47.4,57.0,,50.1,41.0,18.8,21.2,22.6,49.0,6.5,16.4
2015,88.7,8.26,22.0,56.9,87.9,90.5,68.0,59.1,,70.0,84.6,83.9,77.0,2.0,85.1,11.3,6.55,12.9,56.7,93.5,78.0,52.6,62.2,41.6,98.3,37.5,58.3,76.1,71.2,39.8,37.3,2.9,90.0,87.5,76.6,50.3,16.7,18.3,3.8,7.62,55.9,7.46,42.7,59.8,37.3,77.0,71.7,75.7,87.6,22.9,65.0,96.3,54.2,38.2,48.9,37.8,1.08,78.7,88.4,13.9,86.4,42.5,78.0,94.2,31.5,45.8,92.0,47.6,23.0,,9.2,17.6,6.1,21.3,66.8,52.5,67.6,28.8,73.1,34.0,84.9,27.1,69.8,14.2,72.8,22.1,14.9,83.5,45.3,15.2,98.2,77.4,58.1,42.2,54.2,91.1,70.8,16.6,30.2,18.0,14.9,75.7,89.9,,82.0,18.2,74.0,10.0,,57.3,96.6,15.3,25.0,71.4,96.4,79.2,77.6,57.1,93.4,43.1,4.17,54.5,57.4,19.3,70.4,10.3,76.0,10.9,68.1,22.5,,6.5,17.6,50.1,6.0,71.1,25.7,74.0,2.48,24.5,19.7,91.7,,96.8,17.6,,85.2,73.5,11.0,51.2,40.9,36.9,,7.9,68.0,63.5,,68.6,49.7,56.7,64.6,92.9,55.8,70.1,12.5,69.6,,21.7,83.2,10.0,6.34,26.8,,1.76,65.3,3.0,25.8,42.8,77.6,73.1,90.6,25.6,54.3,30.0,,3.5,7.12,39.3,19.0,15.0,18.6,38.7,65.1,46.5,53.7,27.3,10.0,5.8,48.9,64.6,74.6,42.8,49.4,58.0,,54.8,45.0,22.4,25.4,24.1,51.9,8.8,22.7
2016,93.5,11.0,23.2,59.6,89.7,90.6,71.0,64.3,,73.0,86.5,84.3,78.2,2.2,86.5,14.5,7.14,18.1,59.8,98.0,80.0,60.3,71.1,44.6,98.0,39.7,60.9,79.5,90.0,46.5,39.4,3.1,91.2,89.1,83.6,53.2,41.2,20.6,6.21,8.12,58.1,7.94,50.3,65.9,43.0,79.0,75.9,76.5,84.2,30.8,67.0,97.0,63.9,42.9,54.1,41.2,1.18,80.6,87.2,15.4,87.7,49.4,79.3,95.1,33.4,48.1,94.8,58.5,28.0,94.4,13.1,19.9,13.8,23.8,69.1,53.3,68.5,34.5,77.0,35.7,87.5,29.5,72.7,22.8,79.3,25.4,16.5,83.5,53.2,19.9,98.2,79.7,61.3,44.4,56.1,93.2,74.6,16.6,40.5,32.4,19.4,76.8,92.8,,85.6,21.9,76.1,15.7,,61.7,98.1,22.2,32.5,74.4,98.1,79.8,81.6,58.3,95.2,46.7,4.71,59.5,59.5,29.8,72.2,14.0,78.1,16.0,69.9,22.3,,7.0,24.1,52.2,6.3,78.8,31.0,,4.32,28.5,24.6,90.4,61.9,97.3,20.7,,86.5,76.8,12.4,54.0,45.5,39.2,,9.6,73.3,68.6,,70.4,53.4,59.9,68.4,95.1,59.5,73.1,14.6,74.9,14.1,25.7,84.5,11.0,11.8,29.0,,1.88,67.1,3.5,28.0,45.4,80.5,75.5,89.7,28.6,56.5,31.9,,5.8,11.3,47.5,20.5,18.0,21.2,40.0,67.8,49.6,58.3,31.0,13.5,5.9,53.0,66.4,85.5,46.8,51.5,60.0,77.7,59.6,53.0,24.0,31.7,24.6,54.0,10.3,23.1
2017,97.2,13.5,26.0,62.4,91.6,94.8,74.3,64.7,,,86.5,87.9,79.0,2.66,87.7,18.7,7.79,19.8,63.4,95.9,80.6,64.9,74.4,47.1,98.4,43.8,67.5,81.8,94.9,54.3,41.4,4.0,92.7,89.7,82.3,54.3,43.8,23.2,8.62,8.65,62.3,8.48,57.2,71.6,57.1,81.1,80.7,78.7,84.4,55.7,69.6,97.1,67.6,47.7,55.8,45.0,1.31,84.6,88.1,15.6,87.5,65.8,80.5,97.6,35.3,50.3,90.4,59.7,37.9,,18.7,22.5,14.8,26.2,69.9,54.2,69.5,37.9,80.5,37.3,89.4,31.7,67.1,27.2,76.8,32.3,18.2,84.1,64.0,26.0,98.3,81.6,63.1,55.1,64.5,91.7,76.4,17.8,50.8,32.9,25.3,80.7,95.1,83.9,98.0,25.5,78.2,16.3,,66.4,99.5,32.3,39.0,77.6,97.4,80.1,83.2,61.8,97.1,49.9,6.4,65.0,53.0,38.7,74.5,18.9,81.0,23.6,71.3,23.7,,7.8,24.2,55.4,7.0,80.1,36.8,82.0,10.2,33.2,30.4,93.2,68.1,96.4,24.3,62.4,87.7,80.2,13.8,60.0,50.5,41.6,,11.2,76.0,68.7,,73.8,61.1,63.3,72.7,97.4,63.7,76.0,17.2,94.2,18.6,29.6,84.5,11.9,13.2,33.8,60.2,2.0,70.3,4.1,29.9,48.9,81.6,78.9,93.0,35.3,58.8,32.7,,7.4,12.4,52.9,22.0,21.3,24.2,46.2,70.6,55.5,64.7,35.2,16.0,5.9,58.9,70.3,87.3,48.7,53.7,61.6,77.7,64.4,58.1,30.8,39.4,26.7,56.2,12.2,24.4
2018,,16.8,29.0,65.4,,98.5,77.7,68.2,,,90.0,87.5,79.8,2.7,88.6,19.0,8.5,23.4,64.8,98.6,83.0,70.1,79.1,49.8,,44.3,70.4,82.5,95.0,63.5,58.0,5.1,94.6,91.8,84.9,59.2,37.5,29.7,11.7,,64.1,,59.5,73.5,62.7,,84.4,80.7,87.0,58.0,,97.3,74.8,49.0,57.5,46.9,,86.1,89.4,15.9,88.9,68.9,82.0,,,59.6,90.7,62.7,43.0,,21.8,25.5,15.7,,72.2,61.4,,41.5,,,90.5,36.0,75.3,32.5,76.1,39.9,20.1,87.0,70.2,33.9,99.0,83.7,74.4,68.2,65.2,88.7,78.9,19.5,57.1,,33.0,,96.0,89.4,99.6,36.3,80.9,18.9,,71.5,,46.9,40.8,79.7,97.1,83.6,83.8,64.8,,50.3,8.7,70.9,56.7,,79.2,21.4,81.7,28.7,71.5,47.1,,10.9,35.1,58.6,8.0,81.2,40.0,,,38.7,37.6,91.9,,96.5,28.6,,89.0,85.5,15.3,61.8,55.1,44.1,,,77.5,70.9,,74.7,65.0,64.4,,99.7,70.7,80.9,19.2,93.3,24.6,35.3,88.2,,15.8,43.8,,,73.4,4.8,30.1,53.8,80.4,79.7,89.2,43.7,70.1,33.8,,8.0,15.5,56.8,,,27.6,53.4,,64.2,71.0,,17.1,6.0,62.6,80.7,88.5,55.2,56.0,,,,69.8,39.5,49.1,,62.4,14.3,25.0
2019,,17.6,32.1,68.6,90.7,99.2,79.9,66.5,,95.7,93.6,87.8,81.1,2.73,90.3,22.4,9.27,27.8,67.9,99.7,90.7,69.9,82.8,57.1,,47.5,73.9,83.2,95.0,74.2,64.8,7.51,91.9,93.1,85.0,64.1,36.3,36.5,16.5,,65.0,16.4,61.9,81.2,68.0,,86.1,80.9,88.1,59.3,73.4,98.0,79.7,59.0,59.2,57.3,8.83,90.7,90.2,16.2,89.6,77.2,83.3,,39.9,68.7,92.5,68.8,45.0,,23.4,28.8,22.9,49.1,75.7,69.6,,44.4,,78.6,91.7,39.4,79.1,32.5,80.4,47.7,29.5,87.0,72.5,44.3,99.5,86.8,67.9,70.8,70.1,92.7,81.9,22.7,64.1,52.3,43.0,79.8,96.2,,99.5,47.0,79.8,23.5,,77.0,93.1,50.7,42.3,81.6,97.1,86.1,86.5,84.1,83.3,57.8,11.8,77.5,69.6,,81.4,22.3,85.8,30.6,73.5,51.1,,14.6,42.3,61.7,13.4,84.2,44.8,,16.6,45.0,44.9,93.3,,98.0,34.8,74.7,89.9,90.3,17.1,63.6,60.0,43.0,,20.0,80.4,77.7,,75.3,68.5,70.6,,99.7,73.7,82.6,21.4,95.7,25.9,36.2,88.9,28.2,16.8,50.5,67.9,,77.4,5.6,30.2,56.8,82.9,83.1,94.5,54.0,74.8,34.6,,8.36,20.7,66.7,,,28.0,61.8,79.0,66.7,74.0,,18.3,6.02,70.1,83.4,89.4,70.4,74.0,,,,68.7,50.7,61.2,,69.7,16.8,26.6
2020,,18.4,32.6,72.2,93.2,100.0,85.5,76.5,,95.7,96.4,87.5,84.6,3.79,91.5,28.2,13.9,32.9,70.2,99.7,92.5,73.2,85.1,59.5,,59.9,81.3,82.5,96.1,79.9,72.7,8.57,92.3,94.3,86.4,70.1,41.4,45.5,22.9,,69.8,21.2,63.2,80.5,71.1,,90.8,81.3,89.8,61.3,77.1,96.5,82.2,64.0,70.7,71.9,14.2,93.2,89.1,16.4,92.2,84.9,84.7,,40.1,70.8,94.8,72.5,56.7,,28.8,31.6,27.9,53.8,78.1,74.7,,47.5,,81.8,92.4,43.5,78.3,36.4,84.8,53.7,43.4,92.0,75.6,45.8,99.5,90.1,70.5,79.4,75.4,90.2,85.9,25.5,72.0,53.7,45.1,80.4,96.5,,99.1,54.0,83.1,28.0,,77.5,94.3,36.2,42.9,83.1,98.5,88.9,88.3,84.1,84.7,59.2,13.7,77.6,71.5,,81.4,27.9,86.9,42.0,77.6,65.6,,16.3,53.5,64.9,18.9,89.6,48.8,,21.5,51.5,53.4,91.3,,94.6,45.8,76.7,92.9,95.2,18.9,65.5,65.3,47.1,,27.7,83.2,,,78.3,74.0,76.0,,99.7,78.5,85.0,23.8,97.9,28.4,47.2,92.0,35.9,18.0,54.6,70.5,,78.4,6.5,40.3,62.1,89.9,86.6,94.5,56.4,75.5,35.8,,11.7,29.1,77.8,,,34.1,66.6,78.7,72.8,77.7,,23.4,6.1,75.0,86.3,90.6,71.1,80.4,,,,70.3,53.3,69.2,,70.3,18.1,29.3
2021,,,32.6,79.3,93.9,100.0,87.2,78.6,,95.7,96.2,92.5,86.0,5.8,92.8,34.0,21.6,38.9,75.3,100.0,94.3,75.7,86.9,62.0,,66.0,80.7,85.8,98.1,85.6,73.5,10.6,92.8,95.6,90.2,73.1,45.4,45.6,22.9,,73.0,27.3,69.8,82.7,71.1,,90.8,82.7,91.4,68.9,80.9,98.9,85.2,70.8,76.2,72.1,21.7,93.9,91.0,16.7,92.8,87.7,86.1,,40.4,71.7,96.7,76.4,68.2,,34.7,33.0,35.2,53.9,78.5,77.8,,50.8,,84.8,93.1,48.1,81.3,38.9,88.6,62.1,46.3,95.2,78.6,48.9,99.7,90.3,74.9,82.4,86.0,82.9,90.9,28.8,77.9,60.2,53.6,79.5,97.6,,99.7,62.0,86.6,33.6,,78.1,95.6,44.5,48.0,86.9,98.7,91.2,88.5,88.1,86.1,61.3,19.7,85.8,75.6,,83.0,34.5,87.5,44.0,82.2,81.6,,17.4,58.8,67.6,24.4,96.8,53.0,,22.4,55.4,57.1,92.1,,99.0,51.6,83.9,95.9,96.4,21.0,67.5,71.1,52.7,,32.1,85.4,84.8,,82.3,77.0,81.8,,100.0,83.6,88.2,30.5,100.0,,58.1,96.9,36.1,,62.9,74.9,,81.2,,51.2,65.9,88.9,89.0,94.7,58.9,81.6,,,17.9,35.0,85.3,,,39.5,71.6,79.0,79.0,81.4,71.6,31.6,10.3,79.2,90.1,91.8,76.6,84.9,,,,74.2,66.3,78.2,,72.3,21.2,34.8
2022,,,,82.6,,100.0,88.4,,,,,93.6,,,94.0,,,,79.1,,,78.8,89.5,,,,80.5,,,,,,,,,75.6,35.5,,,,72.8,,,82.6,,,89.6,84.5,91.6,,,97.9,,,69.7,72.2,,94.5,91.0,,93.0,,85.3,,,,,78.7,,,,,,,83.2,,,,,,95.6,,82.1,,90.5,66.5,,,,78.7,,,85.1,,,,92.3,,,,,,97.2,,,,,,,,,,,87.7,98.2,91.0,,,,,,,,,,,91.5,,88.2,,,,,,,97.4,,,,,,92.5,,99.0,,,,,,,74.7,,,,86.9,,,84.5,76.3,88.6,,,85.5,90.4,,100.0,,,96.0,,,,,,83.5,,,,,88.9,95.0,,,,,,,88.0,,,,,,,83.4,,,,,89.9,,,,,,,78.6,,,,,,
